{"dia":1,"temp":37.28464461164833,"temp_prom":51.11180877756445,"resid":-13.827164165916116}
{"dia":1,"temp":37.397859107548456,"temp_prom":51.11180877756445,"resid":-13.713949670015992}
{"dia":1,"temp":39.930239643141576,"temp_prom":51.11180877756445,"resid":-11.181569134422872}
{"dia":1,"temp":40.14135355104299,"temp_prom":51.11180877756445,"resid":-10.970455226521459}
{"dia":1,"temp":44.155769403252734,"temp_prom":51.11180877756445,"resid":-6.956039374311715}
{"dia":1,"temp":48.64702222907245,"temp_prom":51.11180877756445,"resid":-2.4647865484920004}
{"dia":1,"temp":50.04316237493861,"temp_prom":51.11180877756445,"resid":-1.0686464026258378}
{"dia":2,"temp":35.82079251314482,"temp_prom":53.70261855752193,"resid":-17.881826044377107}
{"dia":2,"temp":40.808467732289536,"temp_prom":53.70261855752193,"resid":-12.894150825232394}
{"dia":2,"temp":40.85530363275304,"temp_prom":53.70261855752193,"resid":-12.847314924768888}
{"dia":2,"temp":41.94263761239917,"temp_prom":53.70261855752193,"resid":-11.759980945122763}
{"dia":2,"temp":43.723707667524536,"temp_prom":53.70261855752193,"resid":-9.978910889997394}
{"dia":2,"temp":44.09035403038886,"temp_prom":53.70261855752193,"resid":-9.612264527133071}
{"dia":2,"temp":48.955818338556604,"temp_prom":53.70261855752193,"resid":-4.746800218965326}
{"dia":2,"temp":49.30900383873305,"temp_prom":53.70261855752193,"resid":-4.393614718788882}
{"dia":2,"temp":49.379416112573004,"temp_prom":53.70261855752193,"resid":-4.323202444948926}
{"dia":2,"temp":51.80886102981645,"temp_prom":53.70261855752193,"resid":-1.893757527705482}
{"dia":2,"temp":52.929605624646236,"temp_prom":53.70261855752193,"resid":-0.7730129328756945}
{"dia":3,"temp":34.94099167941217,"temp_prom":54.58833122497515,"resid":-19.64733954556298}
{"dia":3,"temp":46.26600815492431,"temp_prom":54.58833122497515,"resid":-8.322323070050842}
{"dia":3,"temp":47.017277955473446,"temp_prom":54.58833122497515,"resid":-7.571053269501704}
{"dia":3,"temp":50.53012189040742,"temp_prom":54.58833122497515,"resid":-4.058209334567728}
{"dia":3,"temp":51.232895310084984,"temp_prom":54.58833122497515,"resid":-3.3554359148901653}
{"dia":3,"temp":52.00162511627108,"temp_prom":54.58833122497515,"resid":-2.586706108704071}
